drug,cluster_1,cluster_2,cluster_3,cluster_4,cluster_5,cluster_6,cluster_7,cluster_8,cluster_9,cluster_10,main_cluster,max_membership,membership_entropy,cluster_num,cluster,membership_score,display_label,target,pathway,research_area
6-Mercaptopurine,0.46542023946242495,0.03731764083546903,0.13673757867250189,0.040778225033470374,0.03691767429627685,0.03563552637432639,0.06476929060474819,0.03937122081514339,0.07488535409213871,0.06816724981350022,cluster_1,0.46542023946242495,1.8036227220529542,1,Cluster_1,0.46542023946242495,6-Mercaptopurine,Autophagy; Endogenous Metabolite; Nucleoside Antimetabolite/Analog,Autophagy; Cell Cycle/DNA Damage; Metabolic Enzyme/Protease,Cancer
ATP (dimagnesium),0.0016743008966352887,0.1380886067346985,0.0011947611482094082,0.003291578330111241,0.4296270695152207,0.02612582104818618,0.0005767759387103278,0.3672701808248739,0.000875305679009951,0.03127559988434457,cluster_5,0.4296270695152207,1.2558555158783056,5,Cluster_5,0.4296270695152207,ATP (dimagnesium),Endogenous Metabolite,Metabolic Enzyme/Protease,Inflammation/Immunology
Abemaciclib (methanesulfonate),0.7154795732920808,0.023160997577744927,0.059601506604375465,0.022287423729039982,0.025179265734582637,0.02118969847100179,0.03007603187419528,0.026006850676263987,0.03033901549558886,0.0466796365451264,cluster_1,0.7154795732920808,1.2033699405476848,1,Cluster_1,0.7154795732920808,Abemaciclib (methanesulfonate),CDK,Cell Cycle/DNA Damage,Cancer
Acetophenazine (dimaleate),0.025692294754185382,0.04215842490683719,0.039043234157834436,0.5260333593415938,0.03380006110723385,0.054138086540237204,0.04637314651026888,0.0407806526770692,0.12311884295107069,0.06886189705366937,cluster_4,0.5260333593415938,1.6794987073127179,4,Cluster_4,0.5260333593415938,Acetophenazine (dimaleate),Dopamine Receptor,GPCR/G Protein; Neuronal Signaling,Neurological Disease
Adiphenine (hydrochloride),0.0005216475676427353,0.016987451976245942,0.0003589651494703007,0.0009734558226874333,0.8963106434414858,0.005451093667272029,0.00017597658249453272,0.07001720036345119,0.00026272899364391633,0.008940836435606012,cluster_5,0.8963106434414858,0.4413369913471916,5,Cluster_5,0.8963106434414858,Adiphenine (hydrochloride),nAChR,Membrane Transporter/Ion Channel; Neuronal Signaling,Neurological Disease
Alcaftadine,0.0018239081824744838,0.4875700233324694,0.0013706104020275213,0.004315556679816712,0.10728179771457406,0.06153260135356939,0.0006827570651886352,0.29976903235264235,0.001060404575091768,0.034593308342145655,cluster_2,0.4875700233324694,1.2950799127202475,2,Cluster_2,0.4875700233324694,Alcaftadine,Histamine Receptor,GPCR/G Protein; Immunology/Inflammation; Neuronal Signaling,Inflammation/Immunology; Endocrinology
Almotriptan (malate),5.079647381418169e-05,0.0022276028004391837,3.487055614792362e-05,9.428545231197586e-05,0.984473247481988,0.000600347575868063,1.706085259216955e-05,0.011565550883652364,2.5524175183404206e-05,0.0009107137480026534,cluster_5,0.984473247481988,0.09360924819774404,5,Cluster_5,0.984473247481988,Almotriptan (malate),5-HT Receptor,GPCR/G Protein; Neuronal Signaling,Neurological Disease
Ambroxol,0.008897173397944902,0.2359450140997304,0.005884217469208069,0.01633341039156518,0.19146348996091075,0.10192016264148338,0.003079137207534366,0.31170796921908317,0.004715238310999146,0.1200541873015408,cluster_8,0.31170796921908317,1.6903316375225934,8,Cluster_8,0.31170796921908317,Ambroxol,Autophagy; Glucosidase,Autophagy; Metabolic Enzyme/Protease,Metabolic Disease; Neurological Disease
Amcinonide,0.00017471024639622383,0.00824370437230972,0.00012010828456088825,0.0003285947296258936,0.945504692930828,0.002204944487215159,5.8644783286672404e-05,0.04008395628167214,8.819846443214888e-05,0.0031924454196730298,cluster_5,0.945504692930828,0.2599406900954615,5,Cluster_5,0.945504692930828,Amcinonide,Glucocorticoid Receptor,Immunology/Inflammation; Vitamin D Related/Nuclear Receptor,Inflammation/Immunology; Endocrinology
Amiodarone (hydrochloride),0.014172068963482215,0.005751182719889582,0.03065434131738597,0.024885759582878107,0.004982795849665558,0.006320824360432609,0.1717481957099222,0.0057195760457918144,0.7254257225016546,0.010339532948897254,cluster_9,0.7254257225016546,0.9593973722241558,9,Cluster_9,0.7254257225016546,Amiodarone (hydrochloride),Autophagy; Potassium Channel,Autophagy; Membrane Transporter/Ion Channel,Cardiovascular Disease; Cancer
Amisulpride,0.0008906151648603218,0.732322520213948,0.0006722198976018848,0.0022880407068391023,0.03557028453690503,0.06457621758045867,0.00034416905834487084,0.1459364020318892,0.0005439892586479106,0.016855541550505112,cluster_2,0.732322520213948,0.9053477988941273,2,Cluster_2,0.732322520213948,Amisulpride,Dopamine Receptor,GPCR/G Protein; Neuronal Signaling,Cancer; Neurological Disease
Amodiaquine (dihydrochloride),0.013026959586356971,0.0037695420596849144,0.029060678134936395,0.010630009374827137,0.0033937354013271804,0.0042085447992695904,0.7895365293009284,0.0037734991245279015,0.1364284441499059,0.006172058068235256,cluster_7,0.7895365293009284,0.7818251728270514,7,Cluster_7,0.7895365293009284,Amodiaquine (dihydrochloride),Histone Methyltransferase; Parasite,Anti-infection; Epigenetics,Infection; Inflammation/Immunology; Neurological Disease
Anamorelin,0.023407308810511302,0.14226068907678138,0.022730001598201106,0.15874527258473983,0.08739620739999808,0.2293175543510129,0.01689021927801212,0.1245366813674277,0.031287256731896876,0.16342880880141872,cluster_6,0.2293175543510129,2.026985607599893,6,Cluster_6,0.2293175543510129,Anamorelin,GHSR,GPCR/G Protein,Cancer; Endocrinology
Andrographolide,0.012968308568222026,0.12226916552196854,0.008088068013884637,0.016753920312590813,0.32352380504181755,0.06075549051413717,0.00359538564698872,0.24258663412664536,0.005461240875946303,0.2039979813777988,cluster_5,0.32352380504181755,1.6726077267959412,5,Cluster_5,0.32352380504181755,Andrographolide,Autophagy; Influenza Virus; NF-ÎºB; Parasite; SARS-CoV,Anti-infection; Autophagy; NF-ÎºB,Cancer; Infection; Inflammation/Immunology
Aniracetam,0.0006551039311117791,0.8215050051597341,0.000501152126919321,0.001757179318345416,0.021103184313526535,0.03698899970918672,0.000258535532406433,0.10558357057131812,0.0004158802043530171,0.011231389133098506,cluster_2,0.8215050051597341,0.6778309228495366,2,Cluster_2,0.8215050051597341,Aniracetam,iGluR; nAChR,Membrane Transporter/Ion Channel; Neuronal Signaling,Neurological Disease
Antazoline (hydrochloride),0.008546823921870709,0.23112733741534486,0.0065358973460065166,0.020881570439048733,0.07622855110805402,0.34674439506328986,0.003305516904374899,0.16605821238639357,0.005507589400881923,0.13506410601473487,cluster_6,0.34674439506328986,1.6724678089347995,6,Cluster_6,0.34674439506328986,Antazoline (hydrochloride),Histamine Receptor,GPCR/G Protein; Immunology/Inflammation; Neuronal Signaling,Neurological Disease; Endocrinology
Antipyrine,8.554709844998985e-05,0.0030437651367579556,5.9182584480945905e-05,0.00015916338467013375,0.9811979339655296,0.0009288512019555771,2.9205885415803995e-05,0.01307200719351812,4.3456946480687945e-05,0.0013808866027415006,cluster_5,0.9811979339655296,0.11204756484204206,5,Cluster_5,0.9811979339655296,Antipyrine,Others,Others,Inflammation/Immunology
Asciminib,0.08514173915459447,0.07281886902094761,0.08180861186094038,0.1803961980361562,0.059305816664729866,0.07924504183625558,0.072782126582189,0.0727127937858833,0.1581244616351562,0.1376643414231474,cluster_4,0.1803961980361562,2.2286269733123447,4,Cluster_4,0.1803961980361562,Asciminib,Bcr-Abl,Protein Tyrosine Kinase/RTK,Cancer
Atazanavir (sulfate),0.0005695976006624339,0.811178161050979,0.00043624788646334426,0.0015241035295067815,0.0233326863349909,0.030383171153799845,0.0002222066109983844,0.12141757780406512,0.00035666360400700274,0.01057958442452732,cluster_2,0.811178161050979,0.6899430967568138,2,Cluster_2,0.811178161050979,Atazanavir (sulfate),Cytochrome P450; Endogenous Metabolite; HIV; HIV Protease; P-glycoprotein; SARS-CoV,Anti-infection; Membrane Transporter/Ion Channel; Metabolic Enzyme/Protease,Cancer; Infection
Atorvastatin (hemicalcium salt),0.010948560161800656,0.2433793834702113,0.010596955449290027,0.05222991281777467,0.11631757812372515,0.17983267526283991,0.005332057461961947,0.1985144571510635,0.008907411149853986,0.17394100895147882,cluster_2,0.2433793834702113,1.8496881466921662,2,Cluster_2,0.2433793834702113,Atorvastatin (hemicalcium salt),Autophagy; Ferroptosis; HMG-CoA Reductase (HMGCR),Apoptosis; Autophagy; Metabolic Enzyme/Protease,Metabolic Disease; Inflammation/Immunology; Cancer
Azatadine (dimaleate),5.469722267623809e-05,0.0018904596781261396,3.738781113955589e-05,9.863513532425489e-05,0.9883864251297665,0.0005783838758112994,1.8250880595741803e-05,0.007991699803338777,2.7155989354683343e-05,0.0009169044738668516,cluster_5,0.9883864251297665,0.0750332540802695,5,Cluster_5,0.9883864251297665,Azatadine (dimaleate),Histamine Receptor,GPCR/G Protein; Immunology/Inflammation; Neuronal Signaling,Inflammation/Immunology; Endocrinology
Azelastine (hydrochloride),0.015618800425936557,0.031975683947820015,0.023015615726667785,0.7154955841766112,0.02578628840444637,0.032631304192206126,0.021203284698071288,0.031575667452398176,0.049773037585220656,0.05292473339062187,cluster_4,0.7154955841766112,1.2030784097167413,4,Cluster_4,0.7154955841766112,Azelastine (hydrochloride),Histamine Receptor; SARS-CoV,Anti-infection; GPCR/G Protein; Immunology/Inflammation; Neuronal Signaling,Infection; Endocrinology; Metabolic Disease; Inflammation/Immunology
Baicalein,0.06226906074098313,0.024823794583593625,0.6174519675974195,0.03819649451954761,0.023700552154207594,0.02585172386861417,0.07829554129059253,0.025271251634632914,0.0663891286081135,0.03775048500229556,cluster_3,0.6174519675974195,1.466385447275823,3,Cluster_3,0.6174519675974195,Baicalein,Ferroptosis; Influenza Virus; Xanthine Oxidase,Anti-infection; Apoptosis; Metabolic Enzyme/Protease,Cancer
Balsalazide,7.66637854591877e-06,0.0002719121465654116,5.264608427832201e-06,1.4015319125358543e-05,0.9982903672695816,8.245175828337924e-05,2.5811414354794454e-06,0.001194514892260584,3.841291310884648e-06,0.00012738519446323885,cluster_5,0.9982903672695816,0.014289454119438336,5,Cluster_5,0.9982903672695816,Balsalazide,Interleukin Related; STAT,Immunology/Inflammation; JAK/STAT Signaling; Stem Cell/Wnt,Cancer; Inflammation/Immunology
Belzutifan,5.165826483868178e-05,0.001843759918218883,3.5686110213585495e-05,9.580809305531661e-05,0.988529528564435,0.0005605892098372636,1.7586064581741024e-05,0.007999016022170588,2.6169409244092644e-05,0.0008401983434047713,cluster_5,0.988529528564435,0.07401297644490598,5,Cluster_5,0.988529528564435,Belzutifan,HIF/HIF Prolyl-Hydroxylase,Metabolic Enzyme/Protease,Cancer
Benzamil (hydrochloride),0.18110208561376961,0.07941286859969389,0.08161645236953834,0.09513591071460527,0.07202575008948614,0.07648988225935723,0.05892956134532633,0.08456108990942258,0.10433090107125363,0.16639549802754702,cluster_1,0.18110208561376961,2.2349868291537356,1,Cluster_1,0.18110208561376961,Benzamil (hydrochloride),Na+/Ca2+ Exchanger; Sodium Channel,Membrane Transporter/Ion Channel,Neurological Disease
Benztropine (mesylate),0.01889731671829555,0.010506159051285775,0.035917494798824896,0.05120800220773338,0.008788225378979529,0.01254706512585256,0.11610142858215887,0.010244835233869973,0.7174580325781249,0.018331440324874573,cluster_9,0.7174580325781249,1.0995337500799247,9,Cluster_9,0.7174580325781249,Benztropine (mesylate),Dopamine Receptor; Histamine Receptor; mAChR,GPCR/G Protein; Immunology/Inflammation; Neuronal Signaling,Cancer; Neurological Disease
Bepotastine,7.993597134734799e-05,0.002846255965449544,5.529132860278486e-05,0.0001486699628668646,0.9824004596288641,0.0008679479037762848,2.728026479711473e-05,0.012241775555152852,4.059232952292544e-05,0.0012917910896199617,cluster_5,0.9824004596288641,0.106041916783975,5,Cluster_5,0.9824004596288641,Bepotastine,Histamine Receptor,GPCR/G Protein; Immunology/Inflammation; Neuronal Signaling,Endocrinology; Inflammation/Immunology
Betahistine,7.058333419736183e-05,0.0025154867379880157,4.880408450207294e-05,0.00013117026456645837,0.9844158841394989,0.0007663190941441093,2.407088321581122e-05,0.010848957348649222,3.5817664561632374e-05,0.0011429064486763705,cluster_5,0.9844158841394989,0.09578938402093201,5,Cluster_5,0.9844158841394989,Betahistine,Histamine Receptor,GPCR/G Protein; Immunology/Inflammation; Neuronal Signaling,Cancer; Inflammation/Immunology
Betamethasone dipropionate,8.231101283091492e-06,0.0002929818993586137,5.655408851976805e-06,1.5062468753538319e-05,0.9981651482223044,8.856772105548897e-05,2.77220119575837e-06,0.0012804942539095838,4.125781514132746e-06,0.000136960941773421,cluster_5,0.9981651482223044,0.015208874814956606,5,Cluster_5,0.9981651482223044,Betamethasone dipropionate,Glucocorticoid Receptor,Immunology/Inflammation; Vitamin D Related/Nuclear Receptor,Inflammation/Immunology; Endocrinology; Cancer
Betamethasone disodium phosphate,0.001063279195035254,0.7488216426305853,0.0008289890748044577,0.0029560602283558762,0.02948215296453586,0.0883940837440554,0.00042998868149239346,0.10860679940083785,0.0007030283630480338,0.018713975717249483,cluster_2,0.7488216426305853,0.889311124510527,2,Cluster_2,0.7488216426305853,Betamethasone disodium phosphate,Others,Others,Others
Betamethasone valerate,0.00466554529337245,0.3051124165968365,0.0038909203635811578,0.01472290574568088,0.06254450246067442,0.4029593924561365,0.002122024194062545,0.1349315298147274,0.0035610108794516646,0.06548975219547665,cluster_6,0.4029593924561365,1.4924747375283998,6,Cluster_6,0.4029593924561365,Betamethasone valerate,Glucocorticoid Receptor,Immunology/Inflammation; Vitamin D Related/Nuclear Receptor,Inflammation/Immunology
Betazole,5.853957311456078e-05,0.002088103463004915,4.045341716433559e-05,0.00010865189638245521,0.9870287860347781,0.0006353791348074314,1.994186717132638e-05,0.009039979517200099,2.967449292932374e-05,0.0009504906034474148,cluster_5,0.9870287860347781,0.08210432107188183,5,Cluster_5,0.9870287860347781,Betazole,Histamine Receptor,GPCR/G Protein; Immunology/Inflammation; Neuronal Signaling,Metabolic Disease
Binimetinib,0.14451291762205803,0.026394130237039654,0.5729469610517525,0.027584807891504096,0.026761102058210837,0.02591517315340091,0.060845596659907915,0.027884076289974146,0.04630666627468399,0.040848568761467904,cluster_3,0.5729469610517525,1.5282455229932932,3,Cluster_3,0.5729469610517525,Binimetinib,Autophagy; MEK,Autophagy; MAPK/ERK Pathway,Cancer
Bromhexine (hydrochloride),8.194565614182015e-06,0.0002917277183854939,5.630558710537629e-06,1.4997389200584127e-05,0.9981729046534188,8.818446751927231e-05,2.760122740615924e-06,0.001275154772936987,4.10780853428689e-06,0.00013633794293947001,cluster_5,0.9981729046534188,0.015152159178338537,5,Cluster_5,0.9981729046534188,Bromhexine (hydrochloride),Autophagy; HIV; SARS-CoV,Anti-infection; Autophagy,Metabolic Disease
Budesonide,0.0009874549271332975,0.6778728813257815,0.000748116247876695,0.0025328948657316,0.04025484420692689,0.05121419150659592,0.0003827987895383327,0.20665776323069157,0.0006153394411660655,0.01873371545855806,cluster_2,0.6778728813257815,0.9803387067937788,2,Cluster_2,0.6778728813257815,Budesonide,Glucocorticoid Receptor,Immunology/Inflammation; Vitamin D Related/Nuclear Receptor,Cancer; Inflammation/Immunology
Butylphthalide,0.00046973471372246185,0.8377512447454891,0.0003539855234819131,0.0011915849714378684,0.01849819761309386,0.022046880280078517,0.00017931775984502204,0.11022883422639904,0.0002860957274369534,0.00899412443901503,cluster_2,0.8377512447454891,0.6099848303414593,2,Cluster_2,0.8377512447454891,Butylphthalide,Others,Others,Neurological Disease
Cabazitaxel,0.10198539074501928,0.11300733063520871,0.04520512630979937,0.04548959326054027,0.1401325526287858,0.09680967268380897,0.019469526380331413,0.1394388225651362,0.027662432383208205,0.2707995524081618,cluster_10,0.2707995524081618,2.0656165612159945,10,Cluster_10,0.2707995524081618,Cabazitaxel,Autophagy; Microtubule/Tubulin,Autophagy; Cell Cycle/DNA Damage; Cytoskeleton,Cancer
Camphor,0.001090065897296241,0.7300506079616288,0.0008464780259884215,0.0030253909721979135,0.021727748786637486,0.14262823519943696,0.00043963017458547085,0.08144104196676348,0.000715185330540941,0.018035615684924195,cluster_2,0.7300506079616288,0.9068900164245083,2,Cluster_2,0.7300506079616288,Camphor,Influenza Virus; TRP Channel,Anti-infection; Membrane Transporter/Ion Channel; Neuronal Signaling,Cancer; Infection; Inflammation/Immunology
Carbenoxolone (disodium),5.4166592958234233e-05,0.0019331870268054971,3.7424765091418564e-05,0.00010049534435117098,0.987981048860818,0.0005878813636919014,1.8445212365634393e-05,0.008379458616161932,2.744774611592927e-05,0.000880444471640521,cluster_5,0.987981048860818,0.07699172955501167,5,Cluster_5,0.987981048860818,Carbenoxolone (disodium),11Î²-HSD; Gap Junction Protein; Orthopoxvirus,Anti-infection; Cytoskeleton; Metabolic Enzyme/Protease,Infection; Inflammation/Immunology
Caroverine (hydrochloride),0.0009589812750304659,0.03012336689579277,0.0006647287896116007,0.001784076032055687,0.83444557496702,0.012777847049494976,0.00033140763649122174,0.10268134747437728,0.0004959484609486099,0.015736721419177507,cluster_5,0.83444557496702,0.6405406795799851,5,Cluster_5,0.83444557496702,Caroverine (hydrochloride),iGluR,Membrane Transporter/Ion Channel; Neuronal Signaling,Neurological Disease
Cetirizine (dihydrochloride),0.00033223845029672146,0.01718851223200659,0.0002318275942564808,0.0006338780259593276,0.8995446318654368,0.004334455904434736,0.00011261254352765886,0.07131054398805747,0.00016921860352883604,0.00614208079249549,cluster_5,0.8995446318654368,0.4200140487632669,5,Cluster_5,0.8995446318654368,Cetirizine (dihydrochloride),Histamine Receptor,GPCR/G Protein; Immunology/Inflammation; Neuronal Signaling,Inflammation/Immunology; Endocrinology; Cancer
Chloroprocaine (hydrochloride),9.136533162423896e-05,0.003249792070200065,6.322395373555951e-05,0.00017008228252039909,0.9799518420726469,0.0009921329658377671,3.1206793651160707e-05,0.01393076099915307,4.6433678242800126e-05,0.0014731598523879711,cluster_5,0.9799518420726469,0.11819076595834485,5,Cluster_5,0.9799518420726469,Chloroprocaine (hydrochloride),Na+/K+ ATPase,Membrane Transporter/Ion Channel,Neurological Disease
Chloropyramine hydrochloride,0.0023600693446410442,0.37575495783440954,0.0018991523273369604,0.008291630155328225,0.0370935641115366,0.4172522952235226,0.0010371870681339952,0.11265513535460724,0.001712088716116772,0.04194391986436699,cluster_6,0.4172522952235226,1.3176421035831543,6,Cluster_6,0.4172522952235226,Chloropyramine hydrochloride,FAK; Histamine Receptor; VEGFR,GPCR/G Protein; Immunology/Inflammation; Neuronal Signaling; Protein Tyrosine Kinase/RTK,Cancer; Endocrinology
Chlorpheniramine (maleate),0.0003588836313181577,0.017333184191624763,0.000250040338952041,0.0006911305311087984,0.8946423439499334,0.00474119352620092,0.0001232957343683701,0.07538641571529618,0.00018418888864314296,0.0062893234925544715,cluster_5,0.8946423439499334,0.4346697173846794,5,Cluster_5,0.8946423439499334,Chlorpheniramine (maleate),Histamine Receptor,GPCR/G Protein; Immunology/Inflammation; Neuronal Signaling,Inflammation/Immunology; Endocrinology
Chlorpropamide,0.18805133175802963,0.020776817042810952,0.22369729296465182,0.04106112463025017,0.021296554383504453,0.02044411692114305,0.28512445675416503,0.022267730411553277,0.1398323850008665,0.03744819013302524,cluster_7,0.28512445675416503,1.862912678972053,7,Cluster_7,0.28512445675416503,Chlorpropamide,Na+/K+ ATPase,Membrane Transporter/Ion Channel,Endocrinology
Ciclesonide,0.012910118728181522,0.20654585506066747,0.011430085116384632,0.028691170408570964,0.08906188856103098,0.3543105904433392,0.005791604525851693,0.15316658130644306,0.009089666085336344,0.1290024397641941,cluster_6,0.3543105904433392,1.742063271044209,6,Cluster_6,0.3543105904433392,Ciclesonide,Glucocorticoid Receptor,Immunology/Inflammation; Vitamin D Related/Nuclear Receptor,Inflammation/Immunology; Endocrinology
Clobetasone butyrate,5.469722267623843e-05,0.0018904596781261504,3.738781113955613e-05,9.863513532425552e-05,0.9883864251297665,0.0005783838758113031,1.8250880595741918e-05,0.007991699803338824,2.7155989354683512e-05,0.0009169044738668573,cluster_5,0.9883864251297665,0.07503325408026981,5,Cluster_5,0.9883864251297665,Clobetasone butyrate,Glucocorticoid Receptor,Immunology/Inflammation; Vitamin D Related/Nuclear Receptor,Inflammation/Immunology
Clomiphene (citrate),0.1456063645605309,0.08255681426563195,0.08353359214708324,0.10001806352032781,0.09247672163283611,0.07316192133070007,0.056625020577055596,0.09582695008183756,0.07984910841102476,0.19034544347297208,cluster_10,0.19034544347297208,2.240544598401469,10,Cluster_10,0.19034544347297208,Clomiphene (citrate),Estrogen Receptor/ERR,Vitamin D Related/Nuclear Receptor,Endocrinology
Cobicistat,0.07671542099039652,0.045223242963793084,0.12143283871433123,0.13057131522248916,0.03926253540307004,0.05250592700996132,0.12122089476049316,0.04547389423661988,0.2831205963913663,0.08447333430747925,cluster_9,0.2831205963913663,2.1030450909555927,9,Cluster_9,0.2831205963913663,Cobicistat,Cytochrome P450; HIV,Anti-infection; Metabolic Enzyme/Protease,Infection; Cancer
Cromolyn (sodium),0.00026125482042468326,0.00909234016521801,0.00018171337146387465,0.0005041820726107446,0.9412363288739105,0.0028439662673685664,8.990713372138896e-05,0.041225341014414336,0.00013433741661134668,0.004430628864256621,cluster_5,0.9412363288739105,0.2814617267241915,5,Cluster_5,0.9412363288739105,Cromolyn (sodium),Calcium Channel; GSK-3,Membrane Transporter/Ion Channel; Neuronal Signaling; PI3K/Akt/mTOR; Stem Cell/Wnt,Inflammation/Immunology
Cyclothiazide,0.0009035578181227993,0.02712177177070232,0.0006118143445371701,0.001571575806485144,0.8519461088601598,0.008904667097668536,0.0002964586579078743,0.09348929855972203,0.00044039546050566176,0.014714351624188673,cluster_5,0.8519461088601598,0.5868463196205562,5,Cluster_5,0.8519461088601598,Cyclothiazide,iGluR,Membrane Transporter/Ion Channel; Neuronal Signaling,Neurological Disease
Cytidine,0.0023095190581061136,0.0803512455478376,0.0017068424156002173,0.004753857689652714,0.6163110813887538,0.02684156723107848,0.0008511492006583195,0.23474735530447385,0.00127195647956638,0.03085542568427267,cluster_5,0.6163110813887538,1.110355842089435,5,Cluster_5,0.6163110813887538,Cytidine,Endogenous Metabolite; Nucleoside Antimetabolite/Analog,Cell Cycle/DNA Damage; Metabolic Enzyme/Protease,Neurological Disease
DFO,0.02525558943270142,0.13270081641155518,0.014261581410906315,0.02987760722177417,0.2309810720500651,0.08077307319629379,0.007238852663791523,0.20137748931486932,0.010799200905882583,0.2667347173921606,cluster_10,0.2667347173921606,1.8279300148594535,10,Cluster_10,0.2667347173921606,DFO,,,
Daprodustat,0.0038447477074258847,0.40892946386421725,0.0031364288398420272,0.010273898109170069,0.12646600697792862,0.10154401219092618,0.0016045504363247603,0.292732885764791,0.0025106105301497435,0.04895739557922456,cluster_2,0.40892946386421725,1.478601029407446,2,Cluster_2,0.40892946386421725,Daprodustat,HIF/HIF Prolyl-Hydroxylase,Metabolic Enzyme/Protease,Cardiovascular Disease
Deflazacort,0.00038939793713647686,0.09268110206119684,0.00027369542483721707,0.000828850601640193,0.08161519479562557,0.009259606473050663,0.0001360884703364633,0.8062238707652717,0.00020906579756734935,0.008383127673337518,cluster_8,0.8062238707652717,0.6962173911595996,8,Cluster_8,0.8062238707652717,Deflazacort,Glucocorticoid Receptor,Immunology/Inflammation; Vitamin D Related/Nuclear Receptor,Inflammation/Immunology; Endocrinology
Delavirdine (mesylate),7.913020569463196e-05,0.002817962496656355,5.473294808219192e-05,0.0001471654863061923,0.9825732706436461,0.0008592097399351916,2.7004015405872186e-05,0.012122355812736936,4.0181377321039695e-05,0.0012789872742155568,cluster_5,0.9825732706436461,0.1051723156828184,5,Cluster_5,0.9825732706436461,Delavirdine (mesylate),HIV; Reverse Transcriptase,Anti-infection,Infection
Desloratadine,0.02835097413122597,0.01066824052545078,0.0409805578401369,0.04004771265114773,0.009157910220510797,0.012293014405599047,0.16817797169696894,0.010544357615160474,0.6607073638901823,0.019071897023617144,cluster_9,0.6607073638901823,1.2034470727192756,9,Cluster_9,0.6607073638901823,Desloratadine,Endogenous Metabolite; Histamine Receptor,GPCR/G Protein; Immunology/Inflammation; Metabolic Enzyme/Protease; Neuronal Signaling,Inflammation/Immunology; Endocrinology; Cancer
Dexpramipexole (dihydrochloride),8.172050983237748e-06,0.0002909572508710921,5.615259669641965e-06,1.4957385931910713e-05,0.9981776657124741,8.794882910623597e-05,2.7526926147912143e-06,0.0012718809591771468,4.096752489919373e-06,0.00013595310668181214,cluster_5,0.9981776657124741,0.015117321032807678,5,Cluster_5,0.9981776657124741,Dexpramipexole (dihydrochloride),Dopamine Receptor,GPCR/G Protein; Neuronal Signaling,Neurological Disease
Diacerein,0.00046551933789984874,0.03201580220521788,0.0003221801443678329,0.0009113074993036604,0.690606267079567,0.006809068110847855,0.00015875790165035335,0.2593512780185166,0.00024028181922252463,0.00911953788340644,cluster_5,0.690606267079567,0.8085932258084206,5,Cluster_5,0.690606267079567,Diacerein,Interleukin Related,Immunology/Inflammation,Inflammation/Immunology
Digitoxin,0.00372250866231153,0.07517463517763731,0.00235905196316166,0.005633751785258688,0.6354103389375481,0.02845373911635376,0.00115628932595222,0.19228807087077396,0.0017068109060288657,0.054094803254974094,cluster_5,0.6354103389375481,1.1417756827618,5,Cluster_5,0.6354103389375481,Digitoxin,Na+/K+ ATPase,Membrane Transporter/Ion Channel,Cardiovascular Disease
Dimenhydrinate,0.0008077978057614707,0.4560923506394656,0.0005891656003756023,0.001933596923743312,0.06016618569638503,0.03151589816686941,0.00030125431959570465,0.4308782598263884,0.000471475635140495,0.017244015386274913,cluster_2,0.4560923506394656,1.0971788838523686,2,Cluster_2,0.4560923506394656,Dimenhydrinate,Histamine Receptor,GPCR/G Protein; Immunology/Inflammation; Neuronal Signaling,Neurological Disease; Endocrinology
Dimethyl fumarate,0.00044282616687948555,0.031087878001490744,0.0003085929605804309,0.0008851008899471499,0.7283426841342695,0.006569659501332759,0.0001533722153483568,0.2238091296794846,0.00023217951718975934,0.008168576933477226,cluster_5,0.7283426841342695,0.7615211878310054,5,Cluster_5,0.7283426841342695,Dimethyl fumarate,Autophagy; Endogenous Metabolite; HIV; Keap1-Nrf2; Reactive Oxygen Species,Anti-infection; Autophagy; Immunology/Inflammation; Metabolic Enzyme/Protease; NF-ÎºB,Cancer; Infection; Inflammation/Immunology; Neurological Disease
Diphenhydramine (hydrochloride),0.0023232387474060932,0.07535247741668748,0.0019589318426211796,0.007200866676516946,0.020068204045155455,0.8276466179744767,0.0011239333947664913,0.03915103169439197,0.0018808410283932204,0.023293857179584466,cluster_6,0.8276466179744767,0.7255380074727885,6,Cluster_6,0.8276466179744767,Diphenhydramine (hydrochloride),Bacterial; Endogenous Metabolite; Histamine Receptor,Anti-infection; GPCR/G Protein; Immunology/Inflammation; Metabolic Enzyme/Protease; Neuronal Signaling,Inflammation/Immunology; Endocrinology; Cancer
Diphenylpyraline (hydrochloride),0.0008699048156637816,0.6561595897769803,0.0006535575998823042,0.0021028999656597493,0.054089975765284515,0.03268803093264363,0.00032368964217652213,0.23496341386281203,0.0005106461105448607,0.01763829152835256,cluster_2,0.6561595897769803,0.9879564697687189,2,Cluster_2,0.6561595897769803,Diphenylpyraline (hydrochloride),Histamine Receptor,GPCR/G Protein; Immunology/Inflammation; Neuronal Signaling,Neurological Disease; Endocrinology
Efavirenz,5.469722267623843e-05,0.0018904596781261504,3.738781113955613e-05,9.863513532425552e-05,0.9883864251297665,0.0005783838758113031,1.8250880595741918e-05,0.007991699803338824,2.7155989354683512e-05,0.0009169044738668573,cluster_5,0.9883864251297665,0.07503325408026981,5,Cluster_5,0.9883864251297665,Efavirenz,Autophagy; Endogenous Metabolite; HIV; Parasite; Reverse Transcriptase,Anti-infection; Autophagy; Metabolic Enzyme/Protease,Infection; Cancer
Eicosapentaenoic Acid,0.0008557194935836477,0.5193718588406473,0.0006134373968298792,0.0020183916861958406,0.050973333268327745,0.03803855324999641,0.0003107290934251957,0.3697384450346543,0.00048808733165201304,0.017591444604687527,cluster_2,0.5193718588406473,1.0846206476354259,2,Cluster_2,0.5193718588406473,Eicosapentaenoic Acid,Endogenous Metabolite; Histone Demethylase,Epigenetics; Metabolic Enzyme/Protease,Neurological Disease; Cancer
Emedastine,8.13927727724457e-05,0.0028976719172953153,5.6301917303478465e-05,0.00015139628251108287,0.9820876219836375,0.0008837717038328157,2.778034785706097e-05,0.012457785718223669,4.1336290568930176e-05,0.00131494106599761,cluster_5,0.9820876219836375,0.10761200000076371,5,Cluster_5,0.9820876219836375,Emedastine,Histamine Receptor,GPCR/G Protein; Immunology/Inflammation; Neuronal Signaling,Inflammation/Immunology
Enclomiphene (citrate),0.05595794301214396,0.010534532808641832,0.1001244243908802,0.02793929489502821,0.01053877924005802,0.010656409988935175,0.5741664394033358,0.011127916224327945,0.18030093203289477,0.018653328003754036,cluster_7,0.5741664394033358,1.3878325662556856,7,Cluster_7,0.5741664394033358,Enclomiphene (citrate),Estrogen Receptor/ERR,Vitamin D Related/Nuclear Receptor,Endocrinology; Metabolic Disease
Epinastine (hydrochloride),0.0075292452596478375,0.13390517108366143,0.004773561483038218,0.011470297048785083,0.4217803437731914,0.05607638918910904,0.0023718988786193282,0.2602211563955715,0.003509337150906174,0.09836259973747004,cluster_5,0.4217803437731914,1.521074096640127,5,Cluster_5,0.4217803437731914,Epinastine (hydrochloride),Histamine Receptor,GPCR/G Protein; Immunology/Inflammation; Neuronal Signaling,Endocrinology; Inflammation/Immunology
Eptifibatide,0.0009455062092716837,0.640165816541085,0.0007158109722859393,0.0023226306411228263,0.0567400837191494,0.03321158976665485,0.00035948684849780674,0.2472487288966532,0.0005662659669271018,0.01772408043835217,cluster_2,0.640165816541085,1.0113291353939626,2,Cluster_2,0.640165816541085,Eptifibatide,Integrin,Cytoskeleton,Cardiovascular Disease
Erlotinib (Hydrochloride),0.43320255787865525,0.02449668951065891,0.1427374341284334,0.03228053969176251,0.024877277145221862,0.025361152345558968,0.15337552362683285,0.026111336684504924,0.09442608611965234,0.043131402868718895,cluster_1,0.43320255787865525,1.768211500869135,1,Cluster_1,0.43320255787865525,Erlotinib (Hydrochloride),Autophagy; EGFR,Autophagy; JAK/STAT Signaling; Protein Tyrosine Kinase/RTK,Cancer
Etravirine,0.9027970270378709,0.007683528812616889,0.02616829015173668,0.006076370738123366,0.008235325377348194,0.007310460490833817,0.009726995916770158,0.008428535232804277,0.009574024026517818,0.013999442215377694,cluster_1,0.9027970270378709,0.5211390865793465,1,Cluster_1,0.9027970270378709,Etravirine,HIV; Reverse Transcriptase,Anti-infection,Infection
Fexofenadine (hydrochloride),0.001239400078163547,0.055695808681272926,0.0010213467927488297,0.0036571107169004885,0.012713112002753251,0.8832782935167631,0.0005661078715877802,0.026327168378016394,0.0009400388133426741,0.014561613148451086,cluster_6,0.8832782935167631,0.5299396187380006,6,Cluster_6,0.8832782935167631,Fexofenadine (hydrochloride),Histamine Receptor,GPCR/G Protein; Immunology/Inflammation; Neuronal Signaling,Inflammation/Immunology
Flumatinib,0.026369884313309513,0.006482767482280297,0.08784243476288317,0.015554450693504156,0.006237324412465656,0.007061497304433426,0.7335977859895192,0.0066520167485275335,0.09947897610803741,0.010722862185039735,cluster_7,0.7335977859895192,1.0124086152771925,7,Cluster_7,0.7335977859895192,Flumatinib,Bcr-Abl; c-Kit; PDGFR,Protein Tyrosine Kinase/RTK,Cancer
Fluphenazine decanoate,5.5207989878342796e-05,0.0019697548169607068,3.8144728581584616e-05,0.00010243009792109249,0.9877547872237585,0.000599161224064118,1.8800857563953503e-05,0.008536612272067388,2.797684257188145e-05,0.0008971239466324799,cluster_5,0.9877547872237585,0.07821291771443442,5,Cluster_5,0.9877547872237585,Fluphenazine decanoate,Dopamine Receptor,GPCR/G Protein; Neuronal Signaling,Neurological Disease
Flupirtine (Maleate),0.00431811014130423,0.10638770314590462,0.0032609956107921717,0.008791809049011836,0.5365598160788819,0.04286911581193691,0.0016313678628772962,0.24502305996853274,0.0024107044372213894,0.0487473178935368,cluster_5,0.5365598160788819,1.3081270508055387,5,Cluster_5,0.5365598160788819,Flupirtine (Maleate),iGluR; Potassium Channel,Membrane Transporter/Ion Channel; Neuronal Signaling,Neurological Disease
Fluticasone furoate,0.06485678639349692,0.04860846306117635,0.21698160662948304,0.11535972794557418,0.04067908287538791,0.05672315811658277,0.1234024927395161,0.04751387495373463,0.20611111055477346,0.0797636967302747,cluster_3,0.21698160662948304,2.1282901871058373,3,Cluster_3,0.21698160662948304,Fluticasone furoate,Glucocorticoid Receptor,Immunology/Inflammation; Vitamin D Related/Nuclear Receptor,Inflammation/Immunology
Gliquidone,0.0013842241124721786,0.6740074689052218,0.0010380177568413544,0.003529119083574043,0.04321489173189296,0.08249800827480973,0.0005285515795534113,0.16523440291305438,0.0008469421687812274,0.02771837347379887,cluster_2,0.6740074689052218,1.0505247233632016,2,Cluster_2,0.6740074689052218,Gliquidone,Others,Others,Metabolic Disease
Haloperidol,0.031106681577281817,0.014923319249769798,0.09872422939865322,0.05653771594718486,0.012910080879300066,0.017510824769716445,0.22222872674596675,0.014735739250125775,0.5064630261720626,0.024859656009938724,cluster_9,0.5064630261720626,1.5214824709028396,9,Cluster_9,0.5064630261720626,Haloperidol,Dopamine Receptor,GPCR/G Protein; Neuronal Signaling,Neurological Disease; Cancer
Hydrocortisone cypionate,8.049733019158112e-06,0.00028687484627580513,5.532764944621914e-06,1.4744387711617394e-05,0.9982027233925513,8.669167321747925e-05,2.7128852945527116e-06,0.0012548097681684355,4.037524747813747e-06,0.0001338230240693485,cluster_5,0.9982027233925513,0.014933388667428932,5,Cluster_5,0.9982027233925513,Hydrocortisone cypionate,Glucocorticoid Receptor,Immunology/Inflammation; Vitamin D Related/Nuclear Receptor,Inflammation/Immunology; Endocrinology
Icotinib,0.01582986225837606,0.1908280764022715,0.009875397764747306,0.033214469926968755,0.13961069175531576,0.17716094723110068,0.006008342923566064,0.21359936257597198,0.009587220444774834,0.2042856287169071,cluster_8,0.21359936257597198,1.8513553165641539,8,Cluster_8,0.21359936257597198,Icotinib,EGFR,JAK/STAT Signaling; Protein Tyrosine Kinase/RTK,Cancer
Idelalisib,0.021191905646560337,0.15520409238851637,0.02964257157700095,0.11053469386304511,0.08662550292439544,0.28432137751546394,0.016115913298960696,0.1271420012986547,0.02660486290295783,0.14261707858444472,cluster_6,0.28432137751546394,1.991040279639316,6,Cluster_6,0.28432137751546394,Idelalisib,Autophagy; PI3K,Autophagy; PI3K/Akt/mTOR,Cancer
Ifenprodil (tartrate),0.018749924410306044,0.16031334492334218,0.018274669911323257,0.07933859927468298,0.09003902416866974,0.3074880258558052,0.011514983072813562,0.13339348952642932,0.020226386927278513,0.16066155192934917,cluster_6,0.3074880258558052,1.9143962778244563,6,Cluster_6,0.3074880258558052,Ifenprodil (tartrate),iGluR; Potassium Channel,Membrane Transporter/Ion Channel; Neuronal Signaling,Neurological Disease
Imiquimod (maleate),0.021478700967562752,0.16699067798730763,0.015259302005632957,0.044920371442683626,0.09721071717500811,0.2800166419611526,0.008233399701440243,0.15255396289314008,0.013736726262394227,0.1995994996036778,cluster_6,0.2800166419611526,1.8744977131405278,6,Cluster_6,0.2800166419611526,Imiquimod (maleate),Autophagy; HSV; SARS-CoV; Toll-like Receptor (TLR),Anti-infection; Autophagy; Immunology/Inflammation,Cancer; Infection; Inflammation/Immunology
Ketotifen (fumarate),0.010784129812334196,0.2669151833028077,0.008901382533456854,0.04417075044562276,0.11846995905773725,0.16376643035406846,0.005347212202047036,0.22028907985703625,0.00868029284777658,0.15267557958711292,cluster_2,0.2669151833028077,1.819612980500384,2,Cluster_2,0.2669151833028077,Ketotifen (fumarate),Endogenous Metabolite; Histamine Receptor; Influenza Virus; SARS-CoV,Anti-infection; GPCR/G Protein; Immunology/Inflammation; Metabolic Enzyme/Protease; Neuronal Signaling,Inflammation/Immunology; Endocrinology; Cancer
L-5-Hydroxytryptophan,0.0008636491296167839,0.0833683341808378,0.0006101917089166791,0.0018232994057779562,0.25463605718877713,0.015253184738894074,0.0003073083281307454,0.6264221834704198,0.0004701253204345297,0.016245666528194466,cluster_8,0.6264221834704198,1.0073771789765007,8,Cluster_8,0.6264221834704198,L-5-Hydroxytryptophan,Endogenous Metabolite,Metabolic Enzyme/Protease,Metabolic Disease; Neurological Disease
L-Tryptophan,0.0005601263438739192,0.020036682208583106,0.00038990893906654133,0.0010602876223487878,0.8862862450207032,0.006513903819412038,0.00018965884922181523,0.07480874220624191,0.0002842256016296188,0.009870219388919032,cluster_5,0.8862862450207032,0.47613694311691634,5,Cluster_5,0.8862862450207032,L-Tryptophan,Endogenous Metabolite,Metabolic Enzyme/Protease,Metabolic Disease; Cancer
Lapatinib (ditosylate),0.014831060004717166,0.0041805000667165795,0.0424810201334851,0.011027515617760341,0.003738924371879437,0.004738699668066751,0.7909100226036835,0.004162467646461712,0.1171823610123069,0.006747428874922479,cluster_7,0.7909100226036835,0.8088111312817852,7,Cluster_7,0.7909100226036835,Lapatinib (ditosylate),Autophagy; EGFR; Ferroptosis,Apoptosis; Autophagy; JAK/STAT Signaling; Protein Tyrosine Kinase/RTK,Cancer
Latrepirdine (dihydrochloride),0.007030462572640653,0.11570573156892998,0.004435627940369707,0.010107533679169958,0.483105130535057,0.04982669577001685,0.0021591603128093034,0.23771486699184613,0.0031679553119001256,0.08674683531726032,cluster_5,0.483105130535057,1.4408575037574214,5,Cluster_5,0.483105130535057,Latrepirdine (dihydrochloride),5-HT Receptor; Adrenergic Receptor; Amyloid-Î²; Autophagy; Histamine Receptor,Autophagy; GPCR/G Protein; Immunology/Inflammation; Neuronal Signaling,Neurological Disease; Endocrinology
Lazertinib,0.0036301192749013987,0.4321975171549506,0.002915206919189908,0.011054128813032919,0.10147157125267453,0.12851326810957664,0.0014881965524347384,0.24106001831807372,0.002445975329272609,0.07522399827589306,cluster_2,0.4321975171549506,1.5075905215748646,2,Cluster_2,0.4321975171549506,Lazertinib,EGFR,JAK/STAT Signaling; Protein Tyrosine Kinase/RTK,Cancer
Levocetirizine (dihydrochloride),0.001938738844220538,0.05150188794032835,0.0012883749593331497,0.0032722332935192482,0.7355777601844445,0.017739162875798794,0.0006272492863858543,0.15627012205694912,0.000930629771760915,0.030853840787259727,cluster_5,0.7355777601844445,0.8980972022670709,5,Cluster_5,0.7355777601844445,Levocetirizine (dihydrochloride),Histamine Receptor,GPCR/G Protein; Immunology/Inflammation; Neuronal Signaling,Endocrinology; Inflammation/Immunology
Liarozole,0.015184750634406073,0.1938357288018587,0.013453173671090253,0.0560651243573702,0.14639008313632407,0.13586849102875417,0.006969455574569554,0.21977380997095125,0.011497887028681666,0.2009614957959939,cluster_8,0.21977380997095125,1.8950291929830128,8,Cluster_8,0.21977380997095125,Liarozole,Cytochrome P450; RAR/RXR,Metabolic Enzyme/Protease; Vitamin D Related/Nuclear Receptor,Cancer; Metabolic Disease; Inflammation/Immunology
Linaclotide,0.0002080609304068117,0.011194986560150368,0.0001441733790958667,0.0003945314353607942,0.9272651423614213,0.002717631673994959,7.027439796459727e-05,0.05405502941225079,0.00010594371638480707,0.0038442261329695764,cluster_5,0.9272651423614213,0.32324060867292664,5,Cluster_5,0.9272651423614213,Linaclotide,Guanylate Cyclase,GPCR/G Protein,Cancer
Lipoic acid,0.003126969345462902,0.4248291635672243,0.002518403624518098,0.009172580980920568,0.07305780362103773,0.20661127505091445,0.001335215928090863,0.23097872672365788,0.0021238706717258346,0.04624599048644752,cluster_2,0.4248291635672243,1.4593286216447219,2,Cluster_2,0.4248291635672243,Lipoic acid,Endogenous Metabolite; Mitochondrial Metabolism; Reactive Oxygen Species,Immunology/Inflammation; Metabolic Enzyme/Protease; NF-ÎºB,Inflammation/Immunology; Cancer
Liranaftate,0.002760035933862938,0.5270415421901422,0.002161256762940079,0.00708615235740344,0.08442138445588877,0.09621062154394833,0.001098646455954881,0.23118197898414325,0.0017150518574309411,0.046323329458285156,cluster_2,0.5270415421901422,1.3353881118509505,2,Cluster_2,0.5270415421901422,Liranaftate,Fungal,Anti-infection,Infection
Lobeline (hydrochloride),0.009616163565832751,0.2024510930285058,0.006837261628797296,0.030088686443100286,0.20304574759340832,0.09885634555584544,0.00402576291177896,0.2721400183444511,0.006481547045260585,0.16645737388301943,cluster_8,0.2721400183444511,1.7675106589955722,8,Cluster_8,0.2721400183444511,Lobeline (hydrochloride),nAChR,Membrane Transporter/Ion Channel; Neuronal Signaling,Neurological Disease
Lonafarnib,0.3563101141869228,0.027110542519766665,0.23673491876920857,0.036621509730884,0.028336947644412292,0.026117498970050983,0.12570090257844702,0.029333685448326166,0.08555684458156076,0.04817703557042074,cluster_1,0.3563101141869228,1.84455867796791,1,Cluster_1,0.3563101141869228,Lonafarnib,Autophagy; Farnesyl Transferase; Ras,Autophagy; GPCR/G Protein; Metabolic Enzyme/Protease,Cancer; Infection
Loratadine,0.06264335090408242,0.012206415451554922,0.36129257686184435,0.027384163416481155,0.01184213599472,0.01251650442317539,0.34482500763504703,0.01267968122218401,0.13326014061433114,0.02135002347657947,cluster_3,0.36129257686184435,1.5742560352781747,3,Cluster_3,0.36129257686184435,Loratadine,Flavivirus; Histamine Receptor,Anti-infection; GPCR/G Protein; Immunology/Inflammation; Neuronal Signaling,Infection; Endocrinology; Inflammation/Immunology; Cancer
Masoprocol,0.044778890272102745,0.10731636778152898,0.07098196669128329,0.20759123142834585,0.08324078112494364,0.10983724308139274,0.039112024930156065,0.10384209504552253,0.06515179362722844,0.1681476060174956,cluster_4,0.20759123142834585,2.1819849895056382,4,Cluster_4,0.20759123142834585,Masoprocol,Lipoxygenase,Metabolic Enzyme/Protease,Metabolic Disease
Mebhydrolin,0.0004923007343268493,0.8647057983201648,0.0003759980069019444,0.001325478582405073,0.014653701057828707,0.03802053355832935,0.00019276888616045557,0.0705134208964272,0.0003070586685942791,0.009412941288861231,cluster_2,0.8647057983201648,0.5624410484926121,2,Cluster_2,0.8647057983201648,Mebhydrolin,Histamine Receptor,GPCR/G Protein; Immunology/Inflammation; Neuronal Signaling,Inflammation/Immunology; Endocrinology
Mecamylamine (hydrochloride),0.0017561651715645857,0.4836633252371019,0.001360839361650947,0.00491157897618713,0.03304079527008073,0.3334398496170544,0.0007175112906167922,0.11079253539844207,0.00115850158342554,0.029158898093875972,cluster_2,0.4836633252371019,1.236292359713422,2,Cluster_2,0.4836633252371019,Mecamylamine (hydrochloride),Histamine Receptor; nAChR,GPCR/G Protein; Immunology/Inflammation; Membrane Transporter/Ion Channel; Neuronal Signaling,Neurological Disease; Cardiovascular Disease
Meclofenoxate (hydrochloride),0.0008950982838140028,0.05608969728148102,0.0007395060714225827,0.0027181720813410524,0.010961015401216296,0.8919340282478402,0.0004112306862102711,0.024663982199746526,0.0006807126807797814,0.010906557066148508,cluster_6,0.8919340282478402,0.4894979022284687,6,Cluster_6,0.8919340282478402,Meclofenoxate (hydrochloride),iGluR; nAChR,Membrane Transporter/Ion Channel; Neuronal Signaling,Neurological Disease
Mefloquine (hydrochloride),0.07390372003876083,0.11955006528926966,0.05143337782180487,0.08280698832431203,0.1492744198135687,0.09657034483513219,0.03182450089881006,0.14532469867562645,0.042725386554997476,0.2065864977477177,cluster_10,0.2065864977477177,2.1655329670246504,10,Cluster_10,0.2065864977477177,Mefloquine (hydrochloride),Autophagy; Parasite; Potassium Channel; ROS Kinase; SARS-CoV,Anti-infection; Autophagy; Membrane Transporter/Ion Channel; Protein Tyrosine Kinase/RTK,Cancer; Infection; Metabolic Disease; Inflammation/Immunology
Mephenesin,7.206813996693958e-05,0.0025675246676036536,4.98318961786194e-05,0.00013393608933398075,0.9840963262829711,0.0007824059601313201,2.4579103305081018e-05,0.01107019855382139,3.657370226967642e-05,0.0011665556044182723,cluster_5,0.9840963262829711,0.09743122042389764,5,Cluster_5,0.9840963262829711,Mephenesin,iGluR,Membrane Transporter/Ion Channel; Neuronal Signaling,Neurological Disease
Methylene blue (trihydrate),0.009360876714604489,0.13152866705079513,0.005873376085122422,0.013618999355065593,0.4174995819943112,0.06040708037160266,0.0029253981287580924,0.2445253993309967,0.004287899777261985,0.10997272119148177,cluster_5,0.4174995819943112,1.5610476241222575,5,Cluster_5,0.4174995819943112,Methylene blue (trihydrate),Guanylate Cyclase; Monoamine Oxidase; NO Synthase; Parasite,Anti-infection; GPCR/G Protein; Immunology/Inflammation; Neuronal Signaling,Cancer; Infection; Neurological Disease
Methylthiouracil,0.0005522375185737416,0.017921465898340726,0.00038010416225772357,0.0010314814957005233,0.8908505974520502,0.005764698107488064,0.00018637235951456707,0.07357362613245656,0.0002782701007620438,0.00946114677285577,cluster_5,0.8908505974520502,0.4589520266132391,5,Cluster_5,0.8908505974520502,Methylthiouracil,ERK; Interleukin Related; NF-ÎºB; TNF Receptor,Apoptosis; Immunology/Inflammation; MAPK/ERK Pathway; NF-ÎºB; Stem Cell/Wnt,Inflammation/Immunology; Cancer
Mifepristone,0.13651663644049195,0.04979640690052405,0.15236875242892278,0.07934819333015311,0.04120298502116049,0.06103247340601214,0.14811137198965507,0.04845607143268027,0.19356365234115513,0.08960345670924501,cluster_9,0.19356365234115513,2.174596003058779,9,Cluster_9,0.19356365234115513,Mifepristone,Autophagy; Glucocorticoid Receptor; NO Synthase; Progesterone Receptor,Autophagy; Immunology/Inflammation; Vitamin D Related/Nuclear Receptor,Endocrinology; Cancer
Mobocertinib (succinate),0.21876632243699223,0.043645605182725075,0.17234358665521213,0.07220592637381591,0.04665890221165908,0.04124823631745862,0.13750794791078455,0.04808213030286839,0.13207127249028794,0.08747007011819603,cluster_1,0.21876632243699223,2.1356946575649043,1,Cluster_1,0.21876632243699223,Mobocertinib (succinate),EGFR,JAK/STAT Signaling; Protein Tyrosine Kinase/RTK,Cancer
Mometasone,0.025363366197538054,0.16319167776133128,0.015828042007271583,0.03510055935115484,0.18630751031069573,0.09581805839026651,0.007593890009271343,0.1949143780108771,0.011735078605675677,0.26414743935591783,cluster_10,0.26414743935591783,1.8696084573071299,10,Cluster_10,0.26414743935591783,Mometasone,Glucocorticoid Receptor,Immunology/Inflammation; Vitamin D Related/Nuclear Receptor,Metabolic Disease
Monomethyl fumarate,0.004427195909072226,0.36116894776389746,0.0035967163966852977,0.012606677453997253,0.11760583172376143,0.12803621679986799,0.001893685744318431,0.31111131365066247,0.0029977835784448952,0.05655563097929254,cluster_2,0.36116894776389746,1.5370882247566744,2,Cluster_2,0.36116894776389746,Monomethyl fumarate,Drug Metabolite; GPR109A,GPCR/G Protein; Metabolic Enzyme/Protease,Inflammation/Immunology; Neurological Disease
Moxonidine,7.517265227860093e-05,0.0026776300949458375,5.198607094151005e-05,0.00013974983168344333,0.9834260842176016,0.0008161673706267941,2.5644813745154014e-05,0.011533394848118527,3.815922748958935e-05,0.0012160108725688859,cluster_5,0.9834260842176016,0.10085489306017216,5,Cluster_5,0.9834260842176016,Moxonidine,Imidazoline Receptor,Neuronal Signaling,Neurological Disease
Nateglinide,0.0003150280807090354,0.012008095840933446,0.00022242767371279958,0.0006136523771339606,0.9281879420813918,0.0036977150523016997,0.00010973989024041155,0.04964379418206638,0.00016399749030591748,0.005037607331204395,cluster_5,0.9281879420813918,0.3300856768019921,5,Cluster_5,0.9281879420813918,Nateglinide,Dipeptidyl Peptidase; Potassium Channel,Membrane Transporter/Ion Channel; Metabolic Enzyme/Protease,Metabolic Disease
Neratinib,0.773195590399015,0.01904241683611295,0.05176711639187701,0.01571950907073382,0.02061192035670564,0.017764008444336475,0.02270651518662711,0.020930316645794693,0.023511792291086357,0.03475081437771092,cluster_1,0.773195590399015,1.0162852778277676,1,Cluster_1,0.773195590399015,Neratinib,EGFR,JAK/STAT Signaling; Protein Tyrosine Kinase/RTK,Cancer
Nicotinamide,0.002272553599190562,0.06681488626330884,0.00167051017768608,0.004545885386806806,0.6762486933476838,0.024020521816573576,0.0008302088692110954,0.19282418151703676,0.0012327227837543317,0.029539836238748122,cluster_5,0.6762486933476838,1.019507204860287,5,Cluster_5,0.6762486933476838,Nicotinamide,Endogenous Metabolite; HBV; Sirtuin,Anti-infection; Cell Cycle/DNA Damage; Epigenetics; Metabolic Enzyme/Protease,Cancer
Nitazoxanide,0.011850121685962502,0.0028065905390856675,0.024208624677673405,0.008108229122043368,0.002648684292717721,0.003058594082927552,0.8434184184029164,0.0028810500103786207,0.09604508058658953,0.004974606599705243,cluster_7,0.8434184184029164,0.6434882997030573,7,Cluster_7,0.8434184184029164,Nitazoxanide,Autophagy; Influenza Virus; Parasite,Anti-infection; Autophagy,Cancer; Infection
Nitrendipine,0.0008672454138688135,0.6946106672045567,0.0006491958313114213,0.0022162089980763003,0.034824576314277364,0.038297164804653,0.0003317785143508093,0.21101255555605758,0.0005276118443374767,0.016662995518510592,cluster_2,0.6946106672045567,0.9225732006158666,2,Cluster_2,0.6946106672045567,Nitrendipine,Autophagy; Calcium Channel,Autophagy; Membrane Transporter/Ion Channel; Neuronal Signaling,Cardiovascular Disease
Nordihydroguaiaretic acid,0.06043904525065988,0.09042912043626575,0.13248323657951222,0.1701574170706476,0.08430679671049532,0.08818134688558725,0.053036995679603044,0.09407260938267137,0.07677033531507613,0.1501230966894814,cluster_4,0.1701574170706476,2.2385698145845203,4,Cluster_4,0.1701574170706476,Nordihydroguaiaretic acid,Autophagy; Ferroptosis; Lipoxygenase,Apoptosis; Autophagy; Metabolic Enzyme/Protease,Cancer; Neurological Disease
Olmutinib,0.8777551633471742,0.009103140429872392,0.029651735065227156,0.008502722745246378,0.009731899501353615,0.008556536391567884,0.013868419553414108,0.010065014919126904,0.014081743155385847,0.018683624891631542,cluster_1,0.8777551633471742,0.6279108552173286,1,Cluster_1,0.8777551633471742,Olmutinib,EGFR,JAK/STAT Signaling; Protein Tyrosine Kinase/RTK,Cancer
Orelabrutinib,7.880961701882268e-05,0.002806987282503455,5.451181792344175e-05,0.00014657307624694503,0.9826414262213014,0.0008557596890436882,2.6894703097512567e-05,0.012075117089364268,4.001879815526344e-05,0.0012739017053452824,cluster_5,0.9826414262213014,0.1048290291568497,5,Cluster_5,0.9826414262213014,Orelabrutinib,Btk,Protein Tyrosine Kinase/RTK,Cancer
Oteseconazole,0.07066284530678117,0.02289903253103205,0.47008782522814896,0.04274472298901876,0.019854062289767535,0.02629062087868541,0.15608655419936882,0.022750289726348665,0.13133693985509926,0.03728710699574927,cluster_3,0.47008782522814896,1.7020223043888054,3,Cluster_3,0.47008782522814896,Oteseconazole,Cytochrome P450; Fungal,Anti-infection; Metabolic Enzyme/Protease,Infection
Pamapimod,0.0012921110390154659,0.5483620226443319,0.0009750168421425107,0.0032015165654497597,0.07324935968327549,0.04897489759569214,0.0004897641075076417,0.29869028150573274,0.0007627735174441733,0.024002256499408167,cluster_2,0.5483620226443319,1.1620557408975003,2,Cluster_2,0.5483620226443319,Pamapimod,Autophagy; p38 MAPK,Autophagy; MAPK/ERK Pathway,Inflammation/Immunology
Paritaprevir,0.0012994677595145271,0.1609578601703068,0.0009463626909581256,0.0030467647700257324,0.13713489599072518,0.03123336552072041,0.0004771016484549353,0.6377445711635107,0.0007433770635288183,0.026416233222254906,cluster_8,0.6377445711635107,1.099470146671208,8,Cluster_8,0.6377445711635107,Paritaprevir,HCV; HCV Protease; SARS-CoV,Anti-infection; Metabolic Enzyme/Protease,Infection
Peretinoin,5.283557028710587e-05,0.0018859639633486659,3.6502935469291145e-05,9.80127181450408e-05,0.9882714945908255,0.0005734200232799571,1.7989743281239634e-05,0.008177909645990791,2.677007780777094e-05,0.0008591007315645635,cluster_5,0.9882714945908255,0.07541764126354497,5,Cluster_5,0.9882714945908255,Peretinoin,Autophagy; HCV; RAR/RXR; SphK,Anti-infection; Autophagy; Immunology/Inflammation; Metabolic Enzyme/Protease; Vitamin D Related/Nuclear Receptor,Cancer; Infection
Pergolide (mesylate),0.010474066966896635,0.25534139284378227,0.00869909279469222,0.05910344380023212,0.08465214377633042,0.2649930136058577,0.00550628882941647,0.16926362546216223,0.00995911092762317,0.13200782099300673,cluster_6,0.2649930136058577,1.8082348481433788,6,Cluster_6,0.2649930136058577,Pergolide (mesylate),Dopamine Receptor,GPCR/G Protein; Neuronal Signaling,Neurological Disease
Pindolol,0.0020047673350493725,0.06112482283894699,0.0014724779903272454,0.004026385537333466,0.6986657123201719,0.02138433918901448,0.0007313963923443264,0.1830730963096081,0.001085379579529842,0.02643162250767402,cluster_5,0.6986657123201719,0.9674044138886752,5,Cluster_5,0.6986657123201719,Pindolol,5-HT Receptor; Adrenergic Receptor,GPCR/G Protein; Neuronal Signaling,Neurological Disease; Endocrinology
Pipecuronium (bromide),0.0003195396075277518,0.8980395023943257,0.0002425195047076188,0.0008375693721002905,0.010940245298545795,0.021284387620489478,0.00012462724276125217,0.06202874478871293,0.00019861994860776255,0.00598424422222167,cluster_2,0.8980395023943257,0.4443342070888719,2,Cluster_2,0.8980395023943257,Pipecuronium (bromide),nAChR,Membrane Transporter/Ion Channel; Neuronal Signaling,Neurological Disease
Pirlindole,0.01452497968782442,0.05713107020835898,0.01714152660903162,0.6319312054557532,0.041680290318231644,0.05872032929130595,0.01459192091886167,0.053960623220545165,0.029466070570819514,0.08085198371926776,cluster_4,0.6319312054557532,1.4100911797634026,4,Cluster_4,0.6319312054557532,Pirlindole,Enterovirus; Monoamine Oxidase,Anti-infection; Neuronal Signaling,Infection; Neurological Disease
Pranlukast (hemihydrate),0.0004968133227945011,0.4908929827321326,0.0003651041562331866,0.0011794251021149818,0.04207659462443011,0.01863766694555841,0.00018265106798715677,0.4351506070439801,0.0002888357476105869,0.010729319257158247,cluster_2,0.4908929827321326,0.986096062397663,2,Cluster_2,0.4908929827321326,Pranlukast (hemihydrate),Endogenous Metabolite; Leukotriene Receptor,GPCR/G Protein; Metabolic Enzyme/Protease,Inflammation/Immunology
Prednisolone Tebutate,0.0008766399499093368,0.7271572773839712,0.0006859413452928412,0.002409768679234025,0.029292784630368832,0.10285950527857116,0.0003550731821443892,0.11922984059169685,0.0005709394513856538,0.016562229507425724,cluster_2,0.7271572773839712,0.9233006216902129,2,Cluster_2,0.7271572773839712,Prednisolone Tebutate,Glucocorticoid Receptor,Immunology/Inflammation; Vitamin D Related/Nuclear Receptor,Inflammation/Immunology; Endocrinology
Prednisone acetate,0.000661957895119739,0.052745372627482676,0.0005305961792727157,0.0018740107571539586,0.008774690490827727,0.905066629155624,0.000287370806544776,0.02047187708031747,0.00047259820281100526,0.009114896804845896,cluster_6,0.905066629155624,0.43603203187050227,6,Cluster_6,0.905066629155624,Prednisone acetate,Glucocorticoid Receptor,Immunology/Inflammation; Vitamin D Related/Nuclear Receptor,Inflammation/Immunology; Endocrinology; Cancer
Procyclidine (hydrochloride),0.02813582339054378,0.1283600439313816,0.022124816570137155,0.22909621636391994,0.0968678663627855,0.12418587691562871,0.020042202428059944,0.13009772958140625,0.03596048463084451,0.18512893982529266,cluster_4,0.22909621636391994,2.046605003580139,4,Cluster_4,0.22909621636391994,Procyclidine (hydrochloride),iGluR; mAChR,GPCR/G Protein; Membrane Transporter/Ion Channel; Neuronal Signaling,Neurological Disease
Prucalopride,0.00025464954404154,0.008376777669788425,0.00017323737561685,0.00045207671538417636,0.9505787715902224,0.0026254359778057393,8.426248039172121e-05,0.0330789199394546,0.00012531244663456384,0.0042505562606597,cluster_5,0.9505787715902224,0.24881956808386183,5,Cluster_5,0.9505787715902224,Prucalopride,5-HT Receptor,GPCR/G Protein; Neuronal Signaling,Neurological Disease; Cancer
Remdesivir,0.7633409383797146,0.023026707075400388,0.04883467031631031,0.015149745346309548,0.02532317673434498,0.021026309526487777,0.01600620435818472,0.025751162494316204,0.018072219728380787,0.04346886604055055,cluster_1,0.7633409383797146,1.0474391013224316,1,Cluster_1,0.7633409383797146,Remdesivir,DNA/RNA Synthesis; SARS-CoV,Anti-infection; Cell Cycle/DNA Damage,Infection
Rilpivirine,0.8115999922657289,0.009315256980082728,0.06574739452443144,0.01092253219988187,0.009640143985400638,0.008912246206227006,0.03142890379862419,0.010032886229232848,0.02557159740371753,0.016829046406672744,cluster_1,0.8115999922657289,0.8454999575751649,1,Cluster_1,0.8115999922657289,Rilpivirine,HIV; Reverse Transcriptase,Anti-infection,Infection
Saquinavir (mesylate),0.036739588738422556,0.012368959212365818,0.06472168900232039,0.042825634024199484,0.010760161990069763,0.014167531008930923,0.1480609627214781,0.012323368674469683,0.6358757368737707,0.022156367753972627,cluster_9,0.6358757368737707,1.3061951772392044,9,Cluster_9,0.6358757368737707,Saquinavir (mesylate),Autophagy; HIV; HIV Protease,Anti-infection; Autophagy; Metabolic Enzyme/Protease,Infection; Cancer
Savolitinib,0.003583143145248654,0.18420895375425766,0.0027444515366473097,0.008245293946730152,0.2893106633852816,0.05588162163859837,0.0013988802804596966,0.4054871029120409,0.002127905558226435,0.047011983842509306,cluster_8,0.4054871029120409,1.4395989442857953,8,Cluster_8,0.4054871029120409,Savolitinib,c-Met/HGFR,Protein Tyrosine Kinase/RTK,Cancer
Simotinib,6.267706705199678e-05,0.0022358963154635878,4.3324588144210445e-05,0.00011640244209772586,0.9861271595818537,0.0006804437109418982,2.1361458909959815e-05,0.009664236845609908,3.178671226443129e-05,0.0010167112776624373,cluster_5,0.9861271595818537,0.08688144419646379,5,Cluster_5,0.9861271595818537,Simotinib,EGFR,JAK/STAT Signaling; Protein Tyrosine Kinase/RTK,Cancer
Simvastatin acid (ammonium),0.05999194919862629,0.020798995666348852,0.5723681143347673,0.044230281722481245,0.02008976330928969,0.020720450942512788,0.09830508225582749,0.02146371260956594,0.10623960427792442,0.035792045682656,cluster_3,0.5723681143347673,1.5333307009555617,3,Cluster_3,0.5723681143347673,Simvastatin acid (ammonium),HMG-CoA Reductase (HMGCR); Reactive Oxygen Species,Immunology/Inflammation; Metabolic Enzyme/Protease; NF-ÎºB,Inflammation/Immunology; Cardiovascular Disease
Stiripentol,0.005061124916236683,0.11263048448317303,0.004386047056707609,0.014964472598907569,0.03520537417413096,0.7108136446664314,0.0025253748021732293,0.06389057301084153,0.004203086234925053,0.04631981805647274,cluster_6,0.7108136446664314,1.0759869230505186,6,Cluster_6,0.7108136446664314,Stiripentol,Cytochrome P450,Metabolic Enzyme/Protease,Neurological Disease
Teclozan,0.0009101859113794704,0.7692518319421644,0.0006914971356794898,0.002403590012029043,0.0264006405292433,0.055908795093212366,0.00035714597719352213,0.12773249528562255,0.0005775228522559952,0.015766295261219698,cluster_2,0.7692518319421644,0.8203155240230088,2,Cluster_2,0.7692518319421644,Teclozan,Parasite,Anti-infection,Infection
Tenapanor (hydrochloride),0.011388822533000748,0.0027672231999411948,0.02937753359139674,0.0075462992851355395,0.0025020194611589885,0.0030938663765053692,0.8539074188111944,0.002798164572274036,0.08194229080434826,0.004676361365044704,cluster_7,0.8539074188111944,0.6220353309412537,7,Cluster_7,0.8539074188111944,Tenapanor (hydrochloride),Na+/H+ Exchanger (NHE),Membrane Transporter/Ion Channel,Metabolic Disease
Tinoridine (hydrochloride),0.0005043041912033854,0.06406797487211736,0.0003580628770050562,0.0011000498164816727,0.17503972184009914,0.009534826338660117,0.00017837039653600267,0.7381032989450057,0.000274042578154807,0.010839348144736902,cluster_8,0.7381032989450057,0.8165951979963018,8,Cluster_8,0.7381032989450057,Tinoridine (hydrochloride),Glutathione Peroxidase,Metabolic Enzyme/Protease,Inflammation/Immunology
Tirofiban (hydrochloride monohydrate),0.0010603442333750027,0.03155180389298473,0.0007189312510505657,0.0019977596525786196,0.8163656733885765,0.010448470054681289,0.00035835773323531465,0.11675557476445704,0.0005326376434223542,0.020210447385638652,cluster_5,0.8163656733885765,0.6836867901541377,5,Cluster_5,0.8163656733885765,Tirofiban (hydrochloride monohydrate),Integrin,Cytoskeleton,Cardiovascular Disease
Tolbutamide,0.0016436614491302964,0.04614578430529231,0.0011213958968246198,0.0029533469000972835,0.7508345824840746,0.01593671515586466,0.0005462472736017677,0.15307992388050226,0.0008137665071340949,0.026924576147478167,cluster_5,0.7508345824840746,0.8529476195225772,5,Cluster_5,0.7508345824840746,Tolbutamide,Autophagy; Potassium Channel,Autophagy; Membrane Transporter/Ion Channel,Metabolic Disease; Cancer
Topiroxostat,0.00838488393519443,0.19458317949552098,0.007352120734628742,0.024408457563736257,0.06819107408628415,0.48327993071447745,0.0040744991942138695,0.1284027473729068,0.0066865105699370105,0.0746365963331003,cluster_6,0.48327993071447745,1.5330457970431508,6,Cluster_6,0.48327993071447745,Topiroxostat,Cytochrome P450; Xanthine Oxidase,Metabolic Enzyme/Protease,Metabolic Disease
Tranylcypromine (hemisulfate),0.001124482133081627,0.03378133651185431,0.0007665683667764524,0.0021441204096349555,0.7991052753368608,0.01132380426679211,0.00038135023300194665,0.12902613226268236,0.0005775533534021793,0.021769377125913224,cluster_5,0.7991052753368608,0.7255435357968354,5,Cluster_5,0.7991052753368608,Tranylcypromine (hemisulfate),Histone Demethylase; Monoamine Oxidase,Epigenetics; Neuronal Signaling,Neurological Disease
Triclabendazole,0.00018413206182665753,0.008065357581849364,0.00012994669134921117,0.000365694976252623,0.9442940050378266,0.00222479449820247,6.41562438075841e-05,0.04132285653962626,9.627872948331357e-05,0.0032527776397759966,cluster_5,0.9442940050378266,0.2640419498139224,5,Cluster_5,0.9442940050378266,Triclabendazole,Microtubule/Tubulin; Parasite,Anti-infection; Cell Cycle/DNA Damage; Cytoskeleton,Infection
Trimethobenzamide (hydrochloride),6.53255342291412e-05,0.0023292882779219824,4.515870788557599e-05,0.00012134106576011876,0.9855537079717155,0.0007091819486067224,2.2268143511756092e-05,0.010061582027321268,3.313561018211796e-05,0.0010590107128657775,cluster_5,0.9855537079717155,0.08988855616492773,5,Cluster_5,0.9855537079717155,Trimethobenzamide (hydrochloride),Dopamine Receptor; Influenza Virus,Anti-infection; GPCR/G Protein; Neuronal Signaling,Others
Tucatinib,0.022946328692676436,0.1185741834642492,0.018305237284751166,0.05068026174294051,0.18944010461088687,0.0804820215022898,0.008734260934883388,0.17994975621134962,0.013450899315130481,0.3174369462408426,cluster_10,0.3174369462408426,1.854010288197366,10,Cluster_10,0.3174369462408426,Tucatinib,EGFR,JAK/STAT Signaling; Protein Tyrosine Kinase/RTK,Cancer
Tucidinostat,0.24562645040787284,0.02266728757898414,0.4280348258933957,0.028389153895072513,0.023392879343618105,0.022180231425437805,0.10200399683176417,0.02423202427499006,0.06635703660701868,0.03711611374184595,cluster_3,0.4280348258933957,1.6925801679504386,3,Cluster_3,0.4280348258933957,Tucidinostat,HDAC,Cell Cycle/DNA Damage; Epigenetics,Cancer
Umbralisib,0.02528396237909079,0.10014135412087444,0.03619911227169428,0.3456542504774343,0.06976373846849497,0.13880981553762284,0.027785380105230777,0.08926657717637647,0.04999464302971021,0.11710116643347092,cluster_4,0.3456542504774343,1.9867781050651017,4,Cluster_4,0.3456542504774343,Umbralisib,Casein Kinase; PI3K,Cell Cycle/DNA Damage; PI3K/Akt/mTOR; Stem Cell/Wnt,Cancer
Vadadustat,0.000888153880913078,0.797052664641716,0.0006854662405789176,0.002352942876824557,0.02091567311118514,0.07195949394828567,0.00035064952803460673,0.09031925823995483,0.0005652250219405851,0.014910472510566656,cluster_2,0.797052664641716,0.763421758763683,2,Cluster_2,0.797052664641716,Vadadustat,HIF/HIF Prolyl-Hydroxylase,Metabolic Enzyme/Protease,Cardiovascular Disease
Vardenafil,0.0013310561647713783,0.07068329751637177,0.0011148903142521875,0.004223502740642325,0.015303661521944994,0.855319243198613,0.0006221093712295677,0.03371194449525619,0.0010245922073626222,0.016665702469555906,cluster_6,0.855319243198613,0.6185586004124668,6,Cluster_6,0.855319243198613,Vardenafil,Endogenous Metabolite; Phosphodiesterase (PDE),Metabolic Enzyme/Protease,Endocrinology; Metabolic Disease; Inflammation/Immunology
Varenicline (Hydrochloride),0.0008993100905071602,0.08637568735246287,0.0006367192523548354,0.0019111400612296158,0.23981042821785778,0.01601753066009771,0.0003210312363376238,0.6365703079450715,0.000490922641944039,0.016966922542136796,cluster_8,0.6365703079450715,1.0061419256835324,8,Cluster_8,0.6365703079450715,Varenicline (Hydrochloride),nAChR,Membrane Transporter/Ion Channel; Neuronal Signaling,Neurological Disease; Cancer
Vasopressin,0.001296214507396158,0.12014719960582712,0.0009259921166196553,0.002930404664301004,0.1826393485253125,0.02523017537049864,0.00047214724597035733,0.640852096866638,0.0007286661853612289,0.024777754912075154,cluster_8,0.640852096866638,1.075799296328451,8,Cluster_8,0.640852096866638,Vasopressin,Endogenous Metabolite,Metabolic Enzyme/Protease,Neurological Disease
Vemurafenib,0.07119189796474872,0.1053750357254686,0.033657216410089154,0.07224953061618505,0.13188343427482138,0.08516487590789835,0.020364177120728078,0.13533613968746858,0.03311267050294201,0.3116650217896501,cluster_10,0.3116650217896501,2.0323367589547523,10,Cluster_10,0.3116650217896501,Vemurafenib,Autophagy; Raf,Autophagy; MAPK/ERK Pathway,Cancer
Zanubrutinib,5.469722267623843e-05,0.0018904596781261504,3.738781113955613e-05,9.863513532425552e-05,0.9883864251297665,0.0005783838758113031,1.8250880595741918e-05,0.007991699803338824,2.7155989354683512e-05,0.0009169044738668573,cluster_5,0.9883864251297665,0.07503325408026981,5,Cluster_5,0.9883864251297665,Zanubrutinib,Btk,Protein Tyrosine Kinase/RTK,Cancer
Î±-Lipoic Acid,0.005020978609039773,0.19419455020708143,0.00412208150730843,0.012628693889210204,0.21183280105463176,0.07816639583993902,0.002018265486363754,0.3956633853616863,0.0031288808518939765,0.09322396719284538,cluster_8,0.3956633853616863,1.5693090071593614,8,Cluster_8,0.3956633853616863,Î±-Lipoic Acid,Apoptosis; Endogenous Metabolite; HIV; Mitochondrial Metabolism; NF-ÎºB,Anti-infection; Apoptosis; Metabolic Enzyme/Protease; NF-ÎºB,Cancer; Infection; Inflammation/Immunology
